﻿<?xml version="1.0" encoding="UTF-8" standalone="yes"?>
<addon id="akx.repositorio" name="repositorio akx atualizacoes" version="0.0.1" provider-name="gutoakashi1">
	<extension point="xbmc.addon.repository" name="repositorio akx atualizacoes">
		<info compressed="false">http://raw.github.com/akx-repo/akx.repositorio/master/addons.xml</info>
		<checksum>http://raw.github.com/akx-repo/akx.repositorio/master/addons.xml.md5</checksum>
		<datadir zip="true">http://raw.github.com/akx-repo/akx.repositorio/master/repo/</datadir>
	</extension>
	<extension point="xbmc.addon.metadata">
		<summary>Addon repositorio</summary>
		<description>akx atualizacoes repositorio</description>
		<disclaimer></disclaimer>
		<platform>all</platform>
	</extension>
</addon>