<?xml version="1.0" encoding="UTF-8" standalone="yes"?>
<addon id="plugin.video.filmesonlinegratis2" name="FilmesOnlineGratis2" version="0.1.1" provider-name="gutoakashi1">
  <requires>
    <import addon="xbmc.python" version="2.1.0"/>
	<import addon="script.module.urlresolver" version="1.0.0"/>
	<import addon="script.module.metahandler" optional="true"/>
	<import addon="script.module.simplejson" optional="true"/>
	<import addon="script.module.parsedom" optional="true"/>
	<import addon="script.module.html5lib" optional="true"/>
  </requires>
  <extension point="xbmc.python.pluginsource" library="addon.py">
    <provides>video</provides>
  </extension>
  <extension point="xbmc.addon.metadata">
    <language>en</language>
    <platform>all</platform>
    <summary lang="en">visite o site http://www.filmesonlinegratis.net atraves do xbmc</summary>
    <description lang="en">visite o site http://www.filmesonlinegratis.net atraves do xbmc</description>
    <platform>all</platform>
  </extension>
</addon>
